"","Signature","OR","pval","padj"
"1","S1",1.68044647380618,0.0793318488933619,0.39665924446681
"2","S3",0,1,1
"3","S6",Inf,0.222698072805139,0.445396145610278
"4","S7",0.5959787944655,0.0740867996550972,0.39665924446681
"5","S15",3.52673105586535,0.216010243966922,0.445396145610278
"6","S16",Inf,0.222698072805139,0.445396145610278
"7","S18",0,1,1
"8","S20",0,1,1
"9","S21",0,1,1
"10","S26",0,1,1
